,Unnamed: 0,P_orb(days),T0(days),rp_rs,impact_parameter,i(degrees),a_rs,rho_star(g/cm^3),u1,u2
62,62.0,21.967093019867807,96.1580657,0.013805512651901507,0.976733765280446,88.43225983600723,35.70088174672712,1.7837372,0.4177834,-0.1585448
158,,32.82977127027492,200.23980469999998,0.014607739485126787,0.018796635706003317,89.97232787890755,38.918879158910954,1.0346286,0.9928636000000001,-0.47774099999999997
629,,23.278278017821936,3.1401583,0.010314057563382273,0.8823025545304514,88.59341337088036,35.94324711374068,1.621024,1.5014875,-0.6710494
